
-- people

INSERT INTO person (name, surname, birthdate, email, passwd) VALUES ('Alan','Flack','12/5/1971','Alan_Flack1265254390@liret.org','00ee20615f64c1c2875f0d44573628e0f28cfcb50ee0eca820ef36e4aef52507');
INSERT INTO person (name, surname, birthdate, email, passwd) VALUES ('Ryan','Hooper','8/27/1973','Ryan_Hooper1745477280@corti.com','770057e1ac5bfcc2c12ad60da161f3425969c4ac1ba981bf1c2df5540dd344eb');
INSERT INTO person (name, surname, birthdate, email, passwd) VALUES ('Fred','Jones','1/28/1998','Fred_Jones362999224@naiker.biz','2c6a755dc305d868aad34e5836b04b48720ed5d2d4dbddd5342f254340f46d3c');
INSERT INTO person (name, surname, birthdate, email, passwd) VALUES ('Ramon','Woods','7/5/1993','Ramon_Woods701622638@vetan.org','e3a13ac7a171d8a4546e7c5b5c4aab14ad428fba05e2c4f2064c115c863ff86b');
INSERT INTO person (name, surname, birthdate, email, passwd) VALUES ('Tyson','Vangness','5/27/1997','Tyson_Vangness1856458352@sheye.org','1a7d5b3d9fbfa058078d7fe23a460a1aa43b785524c543291ea8a478894ea20d');
INSERT INTO person (name, surname, birthdate, email, passwd) VALUES ('Bob','Crawford','10/27/2001','Bob_Crawford1279852887@nanoff.biz','588603ce0c0bcae0e998aaceeaa1f74ea1ca508fdc2d5b1d93a8ab6c99cf628d');
INSERT INTO person (name, surname, birthdate, email, passwd) VALUES ('Rufus','Clark','2/5/2000','Rufus_Clark124391231@vetan.org','d9ead3f011765e90898ae226c1cec2bf667694c2a61bef8f022aba00d8c01b38');
INSERT INTO person (name, surname, birthdate, email, passwd) VALUES ('Wade','Payne','12/5/1981','Wade_Payne772693815@supunk.biz','1fd5ad2ea4ed441f22096129bb64ef8fb7a2a65738784ef5b87a083bb2493aa1');
INSERT INTO person (name, surname, birthdate, email, passwd) VALUES ('George','Lucas','1/4/1975','George_Lucas316934623@iatim.tech','bdd3258efd7c0d5ce75e62957c1083088fc768da2fbd9b20cbdc275b304ffef1');
INSERT INTO person (name, surname, birthdate, email, passwd) VALUES ('Aiden','Cooper','11/20/1975','Aiden_Cooper1390057682@hourpy.biz','b2ddcd8c38787dbce6a8fddf505396d59be3c47caf3948aca448203c3e43e8d9');
INSERT INTO person (name, surname, birthdate, email, passwd) VALUES ('Nate','Noon','10/9/1991','Nate_Noon486947198@muall.tech','8bb9d132df213e9693189d83e8620f55552acfbb69e250cc84d6cf9d1f3548b8');
INSERT INTO person (name, surname, birthdate, email, passwd) VALUES ('Joseph','Andrews','3/14/1976','Joseph_Andrews761708542@yahoo.com','565f4319b22b119fc8d33636a0c5255cdfd378b903e0bc4a5878df86c30af498');
INSERT INTO person (name, surname, birthdate, email, passwd) VALUES ('Bryon','Atkinson','5/2/1977','Bryon_Atkinson138529995@grannar.com','5b66fbf489491dbf8131b46484f28ca5e90e90847f91fa1c530e70600a19188f');
INSERT INTO person (name, surname, birthdate, email, passwd) VALUES ('Benjamin','Price','11/30/1970','Benjamin_Price538271930@fuliss.net','bb80c78a0ae9dc601de16278c55bc37545c5b2c5a58bc32bbe35f6ba7117c927');
INSERT INTO person (name, surname, birthdate, email, passwd) VALUES ('George','Gray','12/19/1998','George_Gray282218499@supunk.biz','5ad203abb8d9c8a77ecd525e60a191480b9ef7d1b7d0ecf9a7aa53c5fc95fe50');
INSERT INTO person (name, surname, birthdate, email, passwd) VALUES ('Luke','Abbey','8/19/1982','Luke_Abbey1926073738@bretoux.com','27b7c784f5b5d3d96772370ec037cdb6dd2402d382e9cd3a2a3a47e0ae1a5c6e');
INSERT INTO person (name, surname, birthdate, email, passwd) VALUES ('Ryan','Veale','10/15/2001','Ryan_Veale2137267434@vetan.org','ac868c374adef57fdb6ab0655cab1b250bd2b9fa7afe9a51b0f1cb50e806caaa');
INSERT INTO person (name, surname, birthdate, email, passwd) VALUES ('Wade','Bristow','10/24/1977','Wade_Bristow200554096@naiker.biz','f866930af7a4180394f1586e84e41ec4bcfd92663c6c968fd6fd68bd50b2d0b3');
INSERT INTO person (name, surname, birthdate, email, passwd) VALUES ('Aiden','Hall','4/17/1971','Aiden_Hall1877594525@muall.tech','d0b88259536980b3a0bcb1a389c8b3dced042f76a9a694f93c28fe54494aec43');
INSERT INTO person (name, surname, birthdate, email, passwd) VALUES ('Elijah','Cann','6/25/1979','Elijah_Cann2142940593@nickia.com','e461ad920ca48ec3f35910c1bded9f939cb962b7af031b84cde41759618164ea');
INSERT INTO person (name, surname, birthdate, email, passwd) VALUES ('Abdul','Tindall','1/20/1978','Abdul_Tindall782575410@bulaffy.com','6caf0453bc54b3604e458e609d416efdbc828294aba52a661d425401b104d546');
INSERT INTO person (name, surname, birthdate, email, passwd) VALUES ('Harvey','Richards','1/15/1998','Harvey_Richards1659380082@joiniaa.com','55ea2726b6b3f1cd5e9ca59df846f3e59c65171493e33d77c634afd5134969ca');
INSERT INTO person (name, surname, birthdate, email, passwd) VALUES ('Carl','Attwood','12/20/1981','Carl_Attwood688732872@naiker.biz','b01f7a35e5bba32888724a13fa0a50b052f052abc017a00e958ae8fd3fe4642d');
INSERT INTO person (name, surname, birthdate, email, passwd) VALUES ('Brad','Wood','8/28/1985','Brad_Wood814417396@ubusive.com','29df8c7d966b62ab26d18eb4715fb033f3bdef342ec6811fb145f9a0b6c859c0');
INSERT INTO person (name, surname, birthdate, email, passwd) VALUES ('Luke','Vincent','10/26/1976','Luke_Vincent1117664115@famism.biz','fa3ec3984046c75fec7b2bd85476f7344d657cca26bfe85be9d2650ef23ab335');
INSERT INTO person (name, surname, birthdate, email, passwd) VALUES ('Percy','Andrews','6/13/1971','Percy_Andrews1044864817@zorer.org','d594dbe6474d2e2bd2425000a18d5bf0a05de70ddde23466c02d4c1330090226');
INSERT INTO person (name, surname, birthdate, email, passwd) VALUES ('Denis','Raven','4/23/2000','Denis_Raven1493431461@deons.tech','336be491c863f494c3e152ffe91b722d72b2c1a34c4117aa18c19aa7640abe1e');
INSERT INTO person (name, surname, birthdate, email, passwd) VALUES ('Alan','Mason','3/9/1981','Alan_Mason25623827@acrit.org','3a9e3fa8bdc3155f2e0781caf83097405962a866aebc8ae7f40cc502397d8202');
INSERT INTO person (name, surname, birthdate, email, passwd) VALUES ('Nicholas','Lewis','10/3/1980','Nicholas_Lewis429650077@gembat.biz','822efcf027ae3e76d19ac30a822c9c341c4369387ffbe0f857e724fc2b61eab9');
INSERT INTO person (name, surname, birthdate, email, passwd) VALUES ('John','Bishop','4/25/1996','John_Bishop1320982090@womeona.net','c1b72f9469b7bc8e074027c48fcd94eed1dd0e4a12af31d83a1f491b13a39740');
INSERT INTO person (name, surname, birthdate, email, passwd) VALUES ('William','Sherry','4/6/1990','William_Sherry547328070@twipet.com','26261eaed86729091891421d985d6c084137ec0ee106c7259ee569ace050a0a5');
INSERT INTO person (name, surname, birthdate, email, passwd) VALUES ('Daniel','Oldfield','10/14/2001','Daniel_Oldfield585588482@nanoff.biz','60bd6775558adde981432f9ff69f03a783a0eefea65824dc3d23a45d7baabf4a');
INSERT INTO person (name, surname, birthdate, email, passwd) VALUES ('Gil','Grady','2/8/1995','Gil_Grady851255681@elnee.tech','5d8716cd8c123e106e425c617eab7b970c5ab07158e37083c84945b291e91da0');
INSERT INTO person (name, surname, birthdate, email, passwd) VALUES ('Chad','Malone','2/20/1997','Chad_Malone1270895326@extex.org','7613e6bf313ed2b6bf1bd944c99fbed6ef1e1eb070f685164f2b02df41d90062');
INSERT INTO person (name, surname, birthdate, email, passwd) VALUES ('Liam','Faulkner','7/7/1994','Liam_Faulkner746335306@twipet.com','ad4beec7faf51e90e682fcd934b9899e4eadc0a71e79a8ec43189211fef8990a');
INSERT INTO person (name, surname, birthdate, email, passwd) VALUES ('Nathan','Seymour','4/16/1991','Nathan_Seymour825832003@grannar.com','66bb54c239a472cc237f9fd95a1d3df2985550a8781b2cbe66a26a1706946932');
INSERT INTO person (name, surname, birthdate, email, passwd) VALUES ('Bob','Warren','7/31/1971','Bob_Warren1503826486@typill.biz','02cd398e339613349e1de37a45cac15377a7d35a977949e13c82fd2d6db2f9e3');
INSERT INTO person (name, surname, birthdate, email, passwd) VALUES ('Rick','Reese','4/6/1970','Rick_Reese1572709925@joiniaa.com','6cd5ec0a93ee6011226ad130bd813975874575def42cebe520c0dab966c97146');
INSERT INTO person (name, surname, birthdate, email, passwd) VALUES ('Ronald','Styles','6/1/1982','Ronald_Styles260125551@fuliss.net','a9c2fec2c4221b181dd48e61be7f6cbe579a8d1f0fbe8ced5f99b2a121b8c37a');
INSERT INTO person (name, surname, birthdate, email, passwd) VALUES ('Peter','Pierce','8/20/1972','Peter_Pierce727859747@famism.biz','a86e4f22fa0f7f91087a7d39b2fb2cf6378f4ddfcc963a04f750ac5ac43e2d13');
INSERT INTO person (name, surname, birthdate, email, passwd) VALUES ('Ron','Dyson','10/26/1996','Ron_Dyson385675309@brety.org','b3ee66a810fb7523f9ea4a9cd76efa3c83b371dd34e9f00b9cf27bdee1562085');
INSERT INTO person (name, surname, birthdate, email, passwd) VALUES ('Eduardo','Attwood','1/8/1989','Eduardo_Attwood601086599@gmail.com','a52d2fc2289e5449541561d89203d7370e613ada8270e191f25907fecbb7e989');
INSERT INTO person (name, surname, birthdate, email, passwd) VALUES ('Chester','Rixon','7/16/1973','Chester_Rixon1339338449@liret.org','609d40968d7a12794c811c1beb79822ad3401dd0c427d27a7b542033da0692ed');
INSERT INTO person (name, surname, birthdate, email, passwd) VALUES ('Julius','Tobin','7/31/1999','Julius_Tobin492608468@famism.biz','f4c96bbadcb48e0a90738009cde1d1160ec78b4d93c3436094abf4eb44992b49');
INSERT INTO person (name, surname, birthdate, email, passwd) VALUES ('Russel','Bryson','8/14/1994','Russel_Bryson1612974992@tonsy.org','79c129bd66728eb1bbcf8ad2977d8cbadff5070858e2b5332eeedaa90ba96c81');
INSERT INTO person (name, surname, birthdate, email, passwd) VALUES ('Johnathan','Alldridge','3/30/1984','Johnathan_Alldridge1519286137@tonsy.org','c76f582a9c3299e183ef10bd239ce3d610b26991f49de4872a8c3a8e093dbf8a');
INSERT INTO person (name, surname, birthdate, email, passwd) VALUES ('Chuck','Kelly','6/24/1997','Chuck_Kelly105646192@corti.com','f304a8e29089f5b393b16b0b726568c51612ab33ebb9742490a920689220ef8a');
INSERT INTO person (name, surname, birthdate, email, passwd) VALUES ('Benjamin','Fleming','2/17/1986','Benjamin_Fleming2019060524@hourpy.biz','b6e7125b3790c682331aa355ba67f8f798bed4d9bd85df7975c9d0a27de1fd0b');
INSERT INTO person (name, surname, birthdate, email, passwd) VALUES ('Barry','Nash','12/15/1970','Barry_Nash635413811@bungar.biz','bd4c3aed123244ad7576b5d4567bdf7c38b728520b0a54c7ad382582f089e629');
INSERT INTO person (name, surname, birthdate, email, passwd) VALUES ('Mark','Collins','12/30/1980','Mark_Collins255902477@eirey.tech','9fdb718bc6781f536f768b2dc88dfac095c107a17fca0fbcff2f0348b99c73e2');
INSERT INTO person (name, surname, birthdate, email, passwd) VALUES ('Alan','Stanley','5/18/1999','Alan_Stanley1432540354@twace.org','94ed94b177beecbbce454f1cfb6b5e2a561695f5af543aa9a3c87887df0def52');
INSERT INTO person (name, surname, birthdate, email, passwd) VALUES ('Alan','Cooper','12/18/2001','Alan_Cooper442467911@corti.com','079b2a2655c6e750f1cc9f5fc08f0ff87a52d60ac50daea6da6b3ede8a5f3846');
INSERT INTO person (name, surname, birthdate, email, passwd) VALUES ('Bryon','Preston','11/11/1999','Bryon_Preston999633791@bauros.biz','1d04b9671f19d96666f4ebe7bf9190fb790e538ae1907829f3fad511ddc91c15');
INSERT INTO person (name, surname, birthdate, email, passwd) VALUES ('Bart','Ross','8/3/1970','Bart_Ross967059599@deavo.com','467eb7f8f35eeeee7b677d2fb2a8105872228ca8059416f031275ec28ab0e3d2');
INSERT INTO person (name, surname, birthdate, email, passwd) VALUES ('Daron','Taylor','2/6/1970','Daron_Taylor1508308035@dionrab.com','0bf135daf351e11d4a5e64e786d764b81160619859ba116cde42c03f8bfbb37d');


-- addresses

INSERT INTO address (state, city, street, house_number, postal_code) VALUES ('France','Fremont','Virginia Walk',153,90966);
INSERT INTO address (state, city, street, house_number, postal_code) VALUES ('Vanuatu','Santa Ana','Camdale  Pass',145,37178);
INSERT INTO address (state, city, street, house_number, postal_code) VALUES ('Peru','Rochester','Aspen Rue',185,69092);
INSERT INTO address (state, city, street, house_number, postal_code) VALUES ('Austria','Omaha','Earl Rise Road',170,15265);
INSERT INTO address (state, city, street, house_number, postal_code) VALUES ('Azerbaijan','Rochester','Bayberry Drive',333,16707);
INSERT INTO address (state, city, street, house_number, postal_code) VALUES ('Palau','Las Vegas','Bond Street',414,38701);
INSERT INTO address (state, city, street, house_number, postal_code) VALUES ('Comoros','Jersey City','Cavendish Alley',107,85839);
INSERT INTO address (state, city, street, house_number, postal_code) VALUES ('Chad','Moreno Valley','Bective  Vale',115,25165);
INSERT INTO address (state, city, street, house_number, postal_code) VALUES ('Djibouti','Fremont','Balfe   Boulevard',499,84982);
INSERT INTO address (state, city, street, house_number, postal_code) VALUES ('Canada','Sacramento','Arthur  Way',286,20294);
INSERT INTO address (state, city, street, house_number, postal_code) VALUES ('Armenia','Oklahoma City','Bell    Tunnel',345,38966);
INSERT INTO address (state, city, street, house_number, postal_code) VALUES ('Angola','Scottsdale','Apothecary   Avenue',72,20988);
INSERT INTO address (state, city, street, house_number, postal_code) VALUES ('Saint Vincent and the Grenadines','Colorado Springs','Gate   Walk',222,62941);
INSERT INTO address (state, city, street, house_number, postal_code) VALUES ('Micronesia','Tokyo','Church Route',440,13554);
INSERT INTO address (state, city, street, house_number, postal_code) VALUES ('Côte d’Ivoire','Jacksonville','North Vale',3,25070);
INSERT INTO address (state, city, street, house_number, postal_code) VALUES ('Sri Lanka','Berlin','Erindale Route',365,73550);
INSERT INTO address (state, city, street, house_number, postal_code) VALUES ('Burkina Faso','Garland','Rivervalley Way',421,68103);
INSERT INTO address (state, city, street, house_number, postal_code) VALUES ('Libya','Tulsa','South Vale',77,29517);
INSERT INTO address (state, city, street, house_number, postal_code) VALUES ('Spain','San Jose','Meadow Rue',239,57978);
INSERT INTO address (state, city, street, house_number, postal_code) VALUES ('Central African Republic','Lisbon','Under  Alley',221,92601);
INSERT INTO address (state, city, street, house_number, postal_code) VALUES ('Vatican City','Bellevue','Clifton  Street',249,31525);
INSERT INTO address (state, city, street, house_number, postal_code) VALUES ('Kyrgyzstan','Moreno Valley','Catherine  Way',38,23721);
INSERT INTO address (state, city, street, house_number, postal_code) VALUES ('Iran','Atlanta','Clarks  Boulevard',276,39883);
INSERT INTO address (state, city, street, house_number, postal_code) VALUES ('Senegal','Pittsburgh','Carolina  Pass',333,65234);
INSERT INTO address (state, city, street, house_number, postal_code) VALUES ('Qatar','Long Beach','Camelot   Vale',122,74157);
INSERT INTO address (state, city, street, house_number, postal_code) VALUES ('Djibouti','Fremont','Aspen Vale',132,71056);
INSERT INTO address (state, city, street, house_number, postal_code) VALUES ('Seychelles','Columbus','Catherine  Tunnel',343,46480);
INSERT INTO address (state, city, street, house_number, postal_code) VALUES ('Antigua and Barbuda','Detroit','Lincoln Alley',87,97841);
INSERT INTO address (state, city, street, house_number, postal_code) VALUES ('Pakistan','Glendale','Abbotswell  Boulevard',264,78319);
INSERT INTO address (state, city, street, house_number, postal_code) VALUES ('Romania','Saint Paul','Gautrey  Drive',123,25136);
INSERT INTO address (state, city, street, house_number, postal_code) VALUES ('Ireland','St. Louis','Parkfield  Boulevard',281,50245);
INSERT INTO address (state, city, street, house_number, postal_code) VALUES ('United Kingdom','London','Belmont Park Avenue',123,95518);
INSERT INTO address (state, city, street, house_number, postal_code) VALUES ('Iraq','Nashville','Kinglake  Street',293,84089);
INSERT INTO address (state, city, street, house_number, postal_code) VALUES ('Romania','Honolulu','Oxford Grove',403,46680);
INSERT INTO address (state, city, street, house_number, postal_code) VALUES ('Zimbabwe','Colorado Springs','Railroad Alley',422,70102);
INSERT INTO address (state, city, street, house_number, postal_code) VALUES ('Guinea','Salt Lake City','Belgrave  Crossroad',215,44187);
INSERT INTO address (state, city, street, house_number, postal_code) VALUES ('Swaziland','Portland','Geffrye   Crossroad',380,81327);
INSERT INTO address (state, city, street, house_number, postal_code) VALUES ('Finland','Hayward','Bekesbourne   Avenue',7,29106);
INSERT INTO address (state, city, street, house_number, postal_code) VALUES ('Belarus','Toledo','Chatsworth  Rue',333,42334);
INSERT INTO address (state, city, street, house_number, postal_code) VALUES ('Norway','San Francisco','Vine  Alley',45,80385);
INSERT INTO address (state, city, street, house_number, postal_code) VALUES ('Ecuador','Boston','Castile  Hill',169,22859);
INSERT INTO address (state, city, street, house_number, postal_code) VALUES ('South Africa','San Jose','Gatonby   Way',156,78364);
INSERT INTO address (state, city, street, house_number, postal_code) VALUES ('Turkey','Springfield','Bell    Route',356,99284);
INSERT INTO address (state, city, street, house_number, postal_code) VALUES ('Côte d’Ivoire','Los Angeles','Camden  Lane',164,78540);
INSERT INTO address (state, city, street, house_number, postal_code) VALUES ('Lebanon','Oklahoma City','Monroe Drive',434,16540);
INSERT INTO address (state, city, street, house_number, postal_code) VALUES ('United Arab Emirates','Baltimore','Thrale   Avenue',261,59283);
INSERT INTO address (state, city, street, house_number, postal_code) VALUES ('Montenegro','Laredo','Lake Grove',460,65322);
INSERT INTO address (state, city, street, house_number, postal_code) VALUES ('Suriname','Denver','Berry  Tunnel',65,31688);
INSERT INTO address (state, city, street, house_number, postal_code) VALUES ('Colombia','Bridgeport','Abourne   Avenue',139,42205);
INSERT INTO address (state, city, street, house_number, postal_code) VALUES ('Norway','Orlando','Chantry   Walk',455,84691);
INSERT INTO address (state, city, street, house_number, postal_code) VALUES ('Poland','Saint Paul','Bellenden   Walk',369,55873);
INSERT INTO address (state, city, street, house_number, postal_code) VALUES ('Vietnam','Tokyo','Adderley   Hill',53,58781);
INSERT INTO address (state, city, street, house_number, postal_code) VALUES ('Tunisia','Seattle','Rail Vale',280,26881);
INSERT INTO address (state, city, street, house_number, postal_code) VALUES ('Sao Tome and Principe','Valetta','Charnwood   Street',382,29828);
INSERT INTO address (state, city, street, house_number, postal_code) VALUES ('Sudan','Seattle','Bayberry Route',241,15906);


-- faculties

INSERT INTO faculty (name, address_id) VALUES ('Faculty of electrical engineering', 1);
INSERT INTO faculty (name, address_id) VALUES ('Faculty of computer science', 2);
INSERT INTO faculty (name, address_id) VALUES ('Faculty of history', 5);
INSERT INTO faculty (name, address_id) VALUES ('Faculty of chemistry', 7);
INSERT INTO faculty (name, address_id) VALUES ('Faculty of art', 12);
INSERT INTO faculty (name, address_id) VALUES ('Faculty of mechanical engineering', 17);


-- departments

INSERT INTO department (name) VALUES ('Department of telecommunications');      
INSERT INTO department (name) VALUES ('Department of IT infrastructure');       
INSERT INTO department (name) VALUES ('Department of mathematics');		
INSERT INTO department (name) VALUES ('Department of physical engineering');    
INSERT INTO department (name) VALUES ('Department of energetics');		
INSERT INTO department (name) VALUES ('Department of foreign languages');        
INSERT INTO department (name) VALUES ('Department of materials science');	
INSERT INTO department (name) VALUES ('Department of physical and applied chemistry');   
INSERT INTO department (name) VALUES ('Archeologic department');		
INSERT INTO department (name) VALUES ('Department of drawing and graphics'); 
INSERT INTO department (name) VALUES ('Department of photography'); 
INSERT INTO department (name) VALUES ('Department of 3D technology'); 


-- roles

INSERT INTO role (role_type) VALUES ('sysadmin');
INSERT INTO role (role_type) VALUES ('student');
INSERT INTO role (role_type) VALUES ('dean');
INSERT INTO role (role_type) VALUES ('head of department');
INSERT INTO role (role_type) VALUES ('guarantor');
INSERT INTO role (role_type) VALUES ('professor');
INSERT INTO role (role_type) VALUES ('user');
INSERT INTO role (role_type) VALUES ('quest');


-- person_has_role

INSERT INTO person_has_role (person_id, role_id) VALUES (1, 1); --- 6+6 sys dekan fakult
INSERT INTO person_has_role (person_id, role_id) VALUES (2, 1);
INSERT INTO person_has_role (person_id, role_id) VALUES (3, 1);
INSERT INTO person_has_role (person_id, role_id) VALUES (4, 1);
INSERT INTO person_has_role (person_id, role_id) VALUES (5, 1);
INSERT INTO person_has_role (person_id, role_id) VALUES (6, 1);
INSERT INTO person_has_role (person_id, role_id) VALUES (7, 3);
INSERT INTO person_has_role (person_id, role_id) VALUES (8, 3);
INSERT INTO person_has_role (person_id, role_id) VALUES (9, 3);
INSERT INTO person_has_role (person_id, role_id) VALUES (10, 3);
INSERT INTO person_has_role (person_id, role_id) VALUES (11, 3);
INSERT INTO person_has_role (person_id, role_id) VALUES (12, 3);
INSERT INTO person_has_role (person_id, role_id) VALUES (13, 4);
INSERT INTO person_has_role (person_id, role_id) VALUES (14, 4);
INSERT INTO person_has_role (person_id, role_id) VALUES (15, 4);
INSERT INTO person_has_role (person_id, role_id) VALUES (16, 4);
INSERT INTO person_has_role (person_id, role_id) VALUES (17, 4);
INSERT INTO person_has_role (person_id, role_id) VALUES (18, 4);
INSERT INTO person_has_role (person_id, role_id) VALUES (19, 4);
INSERT INTO person_has_role (person_id, role_id) VALUES (20, 4);
INSERT INTO person_has_role (person_id, role_id) VALUES (21, 4);
INSERT INTO person_has_role (person_id, role_id) VALUES (22, 4);
INSERT INTO person_has_role (person_id, role_id) VALUES (23, 4);
INSERT INTO person_has_role (person_id, role_id) VALUES (24, 4);
INSERT INTO person_has_role (person_id, role_id) VALUES (25, 5);
INSERT INTO person_has_role (person_id, role_id) VALUES (26, 5);
INSERT INTO person_has_role (person_id, role_id) VALUES (27, 5);
INSERT INTO person_has_role (person_id, role_id) VALUES (28, 5);
INSERT INTO person_has_role (person_id, role_id) VALUES (29, 5);
INSERT INTO person_has_role (person_id, role_id) VALUES (30, 2);
INSERT INTO person_has_role (person_id, role_id) VALUES (31, 2);
INSERT INTO person_has_role (person_id, role_id) VALUES (32, 2);
INSERT INTO person_has_role (person_id, role_id) VALUES (33, 2);
INSERT INTO person_has_role (person_id, role_id) VALUES (34, 2);
INSERT INTO person_has_role (person_id, role_id) VALUES (35, 2);
INSERT INTO person_has_role (person_id, role_id) VALUES (36, 2);
INSERT INTO person_has_role (person_id, role_id) VALUES (37, 2);
INSERT INTO person_has_role (person_id, role_id) VALUES (38, 2);
INSERT INTO person_has_role (person_id, role_id) VALUES (39, 2);
INSERT INTO person_has_role (person_id, role_id) VALUES (40, 2);
INSERT INTO person_has_role (person_id, role_id) VALUES (41, 2);
INSERT INTO person_has_role (person_id, role_id) VALUES (42, 2);
INSERT INTO person_has_role (person_id, role_id) VALUES (43, 2);
INSERT INTO person_has_role (person_id, role_id) VALUES (44, 2);
INSERT INTO person_has_role (person_id, role_id) VALUES (45, 2);
INSERT INTO person_has_role (person_id, role_id) VALUES (46, 6);
INSERT INTO person_has_role (person_id, role_id) VALUES (47, 6);
INSERT INTO person_has_role (person_id, role_id) VALUES (48, 6);
INSERT INTO person_has_role (person_id, role_id) VALUES (49, 6);
INSERT INTO person_has_role (person_id, role_id) VALUES (50, 6);
INSERT INTO person_has_role (person_id, role_id) VALUES (51, 6);
INSERT INTO person_has_role (person_id, role_id) VALUES (52, 6);
INSERT INTO person_has_role (person_id, role_id) VALUES (53, 6);
INSERT INTO person_has_role (person_id, role_id) VALUES (54, 6);
INSERT INTO person_has_role (person_id, role_id) VALUES (55, 6);


-- theses

INSERT INTO thesis (name, thesis_type, person_id) VALUES ('Theory of differntial equations', 'master', 30);
INSERT INTO thesis (name, thesis_type, person_id) VALUES ('Tool for detecting security vulnerabilities', 'bachelor', 31);
INSERT INTO thesis (name, thesis_type, person_id) VALUES ('Advantages of directional photography', 'master', 32);
INSERT INTO thesis (name, thesis_type, person_id) VALUES ('Optimalization of food grade materials', 'bachelor', 33);
INSERT INTO thesis (name, thesis_type, person_id) VALUES ('Desing and implementation of critical parts of planes', 'doctoral', 34);


-- contacts

INSERT INTO contact (person_id, contact_type, value) VALUES (1, 'mobile', '2-826-508-2062');
INSERT INTO contact (person_id, contact_type, value) VALUES (2, 'mobile', '0-665-634-5374');
INSERT INTO contact (person_id, contact_type, value) VALUES (3, 'mobile', '4-444-868-5336');
INSERT INTO contact (person_id, contact_type, value) VALUES (4, 'mobile', '8-746-001-8852');
INSERT INTO contact (person_id, contact_type, value) VALUES (5, 'mobile', '4-081-472-0776');
INSERT INTO contact (person_id, contact_type, value) VALUES (6, 'mobile', '7-362-012-3338');
INSERT INTO contact (person_id, contact_type, value) VALUES (7, 'mobile', '2-771-033-4487');
INSERT INTO contact (person_id, contact_type, value) VALUES (8, 'mobile', '2-835-611-2247');
INSERT INTO contact (person_id, contact_type, value) VALUES (9, 'mobile', '1-008-780-5527');
INSERT INTO contact (person_id, contact_type, value) VALUES (10, 'mobile', '5-612-368-5337');
INSERT INTO contact (person_id, contact_type, value) VALUES (11, 'mobile', '8-077-431-1013');
INSERT INTO contact (person_id, contact_type, value) VALUES (12, 'mobile', '3-560-154-4735');
INSERT INTO contact (person_id, contact_type, value) VALUES (13, 'mobile', '4-363-473-3514');
INSERT INTO contact (person_id, contact_type, value) VALUES (14, 'mobile', '2-180-845-4316');
INSERT INTO contact (person_id, contact_type, value) VALUES (15, 'mobile', '1-244-252-1744');
INSERT INTO contact (person_id, contact_type, value) VALUES (16, 'mobile', '2-540-083-6542');
INSERT INTO contact (person_id, contact_type, value) VALUES (17, 'mobile', '8-250-058-7383');
INSERT INTO contact (person_id, contact_type, value) VALUES (18, 'mobile', '6-147-847-1328');
INSERT INTO contact (person_id, contact_type, value) VALUES (19, 'mobile', '7-735-736-0541');
INSERT INTO contact (person_id, contact_type, value) VALUES (20, 'mobile', '7-228-145-1014');
INSERT INTO contact (person_id, contact_type, value) VALUES (21, 'mobile', '8-725-287-8418');
INSERT INTO contact (person_id, contact_type, value) VALUES (22, 'mobile', '8-476-465-1238');
INSERT INTO contact (person_id, contact_type, value) VALUES (23, 'mobile', '5-315-033-5127');
INSERT INTO contact (person_id, contact_type, value) VALUES (24, 'mobile', '2-842-216-2500');
INSERT INTO contact (person_id, contact_type, value) VALUES (25, 'mobile', '8-360-387-4771');
INSERT INTO contact (person_id, contact_type, value) VALUES (26, 'mobile', '0-284-583-5785');
INSERT INTO contact (person_id, contact_type, value) VALUES (27, 'mobile', '0-172-244-3067');
INSERT INTO contact (person_id, contact_type, value) VALUES (28, 'mobile', '5-367-883-6530');
INSERT INTO contact (person_id, contact_type, value) VALUES (29, 'mobile', '1-823-646-7011');
INSERT INTO contact (person_id, contact_type, value) VALUES (30, 'mobile', '2-251-162-0373');
INSERT INTO contact (person_id, contact_type, value) VALUES (31, 'mobile', '1-646-604-1122');
INSERT INTO contact (person_id, contact_type, value) VALUES (32, 'mobile', '0-880-870-6155');
INSERT INTO contact (person_id, contact_type, value) VALUES (33, 'mobile', '4-142-665-3502');
INSERT INTO contact (person_id, contact_type, value) VALUES (34, 'mobile', '7-657-866-3707');
INSERT INTO contact (person_id, contact_type, value) VALUES (35, 'mobile', '0-162-174-0656');
INSERT INTO contact (person_id, contact_type, value) VALUES (36, 'mobile', '5-232-436-5651');
INSERT INTO contact (person_id, contact_type, value) VALUES (37, 'mobile', '7-124-072-8764');
INSERT INTO contact (person_id, contact_type, value) VALUES (38, 'mobile', '5-124-456-8525');
INSERT INTO contact (person_id, contact_type, value) VALUES (39, 'mobile', '0-034-623-5222');
INSERT INTO contact (person_id, contact_type, value) VALUES (40, 'mobile', '7-358-676-7670');
INSERT INTO contact (person_id, contact_type, value) VALUES (41, 'mobile', '0-518-881-7708');
INSERT INTO contact (person_id, contact_type, value) VALUES (42, 'mobile', '1-011-508-5142');
INSERT INTO contact (person_id, contact_type, value) VALUES (43, 'mobile', '3-288-478-2746');
INSERT INTO contact (person_id, contact_type, value) VALUES (44, 'mobile', '0-862-724-4441');
INSERT INTO contact (person_id, contact_type, value) VALUES (45, 'mobile', '7-147-515-7064');
INSERT INTO contact (person_id, contact_type, value) VALUES (46, 'mobile', '7-280-042-7423');
INSERT INTO contact (person_id, contact_type, value) VALUES (47, 'mobile', '3-013-216-1586');
INSERT INTO contact (person_id, contact_type, value) VALUES (48, 'mobile', '1-363-526-5840');
INSERT INTO contact (person_id, contact_type, value) VALUES (49, 'mobile', '4-033-710-2588');
INSERT INTO contact (person_id, contact_type, value) VALUES (50, 'mobile', '4-745-173-0804');
INSERT INTO contact (person_id, contact_type, value) VALUES (51, 'mobile', '1-143-578-1828');
INSERT INTO contact (person_id, contact_type, value) VALUES (52, 'mobile', '3-400-834-1336');
INSERT INTO contact (person_id, contact_type, value) VALUES (53, 'mobile', '1-878-817-2840');
INSERT INTO contact (person_id, contact_type, value) VALUES (54, 'mobile', '8-817-451-2406');
INSERT INTO contact (person_id, contact_type, value) VALUES (55, 'mobile', '4-484-188-5651');


-- faculty_has_person

INSERT INTO faculty_has_person (faculty_id, person_id, role_id) VALUES (1, 1, 1);
INSERT INTO faculty_has_person (faculty_id, person_id, role_id) VALUES (2, 2, 1);
INSERT INTO faculty_has_person (faculty_id, person_id, role_id) VALUES (3, 3, 1);
INSERT INTO faculty_has_person (faculty_id, person_id, role_id) VALUES (4, 4, 1);
INSERT INTO faculty_has_person (faculty_id, person_id, role_id) VALUES (5, 5, 1);
INSERT INTO faculty_has_person (faculty_id, person_id, role_id) VALUES (6, 6, 1);
INSERT INTO faculty_has_person (faculty_id, person_id, role_id) VALUES (1, 7, 3);
INSERT INTO faculty_has_person (faculty_id, person_id, role_id) VALUES (2, 8, 3);
INSERT INTO faculty_has_person (faculty_id, person_id, role_id) VALUES (3, 9, 3);
INSERT INTO faculty_has_person (faculty_id, person_id, role_id) VALUES (4, 10, 3);
INSERT INTO faculty_has_person (faculty_id, person_id, role_id) VALUES (5, 11, 3);
INSERT INTO faculty_has_person (faculty_id, person_id, role_id) VALUES (6, 12, 3);
INSERT INTO faculty_has_person (faculty_id, person_id, role_id) VALUES (1, 13, 4);
INSERT INTO faculty_has_person (faculty_id, person_id, role_id) VALUES (2, 14, 4);
INSERT INTO faculty_has_person (faculty_id, person_id, role_id) VALUES (3, 15, 4);
INSERT INTO faculty_has_person (faculty_id, person_id, role_id) VALUES (4, 16, 4);
INSERT INTO faculty_has_person (faculty_id, person_id, role_id) VALUES (5, 17, 4);
INSERT INTO faculty_has_person (faculty_id, person_id, role_id) VALUES (6, 18, 4);
INSERT INTO faculty_has_person (faculty_id, person_id, role_id) VALUES (1, 19, 4);
INSERT INTO faculty_has_person (faculty_id, person_id, role_id) VALUES (2, 20, 4);
INSERT INTO faculty_has_person (faculty_id, person_id, role_id) VALUES (3, 21, 4);
INSERT INTO faculty_has_person (faculty_id, person_id, role_id) VALUES (4, 22, 4);
INSERT INTO faculty_has_person (faculty_id, person_id, role_id) VALUES (5, 23, 4);
INSERT INTO faculty_has_person (faculty_id, person_id, role_id) VALUES (6, 24, 4);
INSERT INTO faculty_has_person (faculty_id, person_id, role_id) VALUES (1, 25, 5);
INSERT INTO faculty_has_person (faculty_id, person_id, role_id) VALUES (2, 26, 5);
INSERT INTO faculty_has_person (faculty_id, person_id, role_id) VALUES (3, 27, 5);
INSERT INTO faculty_has_person (faculty_id, person_id, role_id) VALUES (4, 28, 5);
INSERT INTO faculty_has_person (faculty_id, person_id, role_id) VALUES (5, 29, 5);
INSERT INTO faculty_has_person (faculty_id, person_id, role_id) VALUES (6, 30, 2);
INSERT INTO faculty_has_person (faculty_id, person_id, role_id) VALUES (1, 31, 2);
INSERT INTO faculty_has_person (faculty_id, person_id, role_id) VALUES (2, 32, 2);
INSERT INTO faculty_has_person (faculty_id, person_id, role_id) VALUES (3, 33, 2);
INSERT INTO faculty_has_person (faculty_id, person_id, role_id) VALUES (4, 34, 2);
INSERT INTO faculty_has_person (faculty_id, person_id, role_id) VALUES (5, 35, 2);
INSERT INTO faculty_has_person (faculty_id, person_id, role_id) VALUES (6, 36, 2);
INSERT INTO faculty_has_person (faculty_id, person_id, role_id) VALUES (1, 37, 2);
INSERT INTO faculty_has_person (faculty_id, person_id, role_id) VALUES (2, 38, 2);
INSERT INTO faculty_has_person (faculty_id, person_id, role_id) VALUES (3, 39, 2);
INSERT INTO faculty_has_person (faculty_id, person_id, role_id) VALUES (4, 40, 2);
INSERT INTO faculty_has_person (faculty_id, person_id, role_id) VALUES (5, 41, 2);
INSERT INTO faculty_has_person (faculty_id, person_id, role_id) VALUES (6, 42, 2);
INSERT INTO faculty_has_person (faculty_id, person_id, role_id) VALUES (1, 43, 2);
INSERT INTO faculty_has_person (faculty_id, person_id, role_id) VALUES (2, 44, 2);
INSERT INTO faculty_has_person (faculty_id, person_id, role_id) VALUES (3, 45, 2);
INSERT INTO faculty_has_person (faculty_id, person_id, role_id) VALUES (4, 46, 6);
INSERT INTO faculty_has_person (faculty_id, person_id, role_id) VALUES (5, 47, 6);
INSERT INTO faculty_has_person (faculty_id, person_id, role_id) VALUES (6, 48, 6);
INSERT INTO faculty_has_person (faculty_id, person_id, role_id) VALUES (1, 49, 6);
INSERT INTO faculty_has_person (faculty_id, person_id, role_id) VALUES (2, 50, 6);
INSERT INTO faculty_has_person (faculty_id, person_id, role_id) VALUES (3, 51, 6);
INSERT INTO faculty_has_person (faculty_id, person_id, role_id) VALUES (4, 52, 6);
INSERT INTO faculty_has_person (faculty_id, person_id, role_id) VALUES (5, 53, 6);
INSERT INTO faculty_has_person (faculty_id, person_id, role_id) VALUES (6, 54, 6);
INSERT INTO faculty_has_person (faculty_id, person_id, role_id) VALUES (1, 55, 6);



-- subjects

INSERT INTO subject (subject_id, name, department_id, prerequisites, semester) VALUES (1, 'Analog Electronics', 2, 'Math I', 1);
INSERT INTO subject (subject_id, name, department_id, semester) VALUES (2, 'Analytical Chemistry I', 8, 2);
INSERT INTO subject (subject_id, name, department_id, semester) VALUES (3, 'English Conversation', 6, 1);
INSERT INTO subject (subject_id, name, department_id, prerequisites, semester) VALUES (4, 'Advanced 3D Modelling', 12, 'Graphic basics', 1);
INSERT INTO subject (subject_id, name, department_id, semester) VALUES (5, 'Photo Editing', 11, 1);
INSERT INTO subject (subject_id, name, department_id, semester) VALUES (6, 'Graphic basics', 10, 2);
INSERT INTO subject (subject_id, name, department_id, semester) VALUES (7, 'Network science', 1, 1);
INSERT INTO subject (subject_id, name, department_id, semester) VALUES (8, 'Math I', 3, 1);
INSERT INTO subject (subject_id, name, department_id, semester) VALUES (9, 'Aerodynamics I', 4, 2);
INSERT INTO subject (subject_id, name, department_id, semester) VALUES (10, 'Applied Thermodynamics', 5, 1);
INSERT INTO subject (subject_id, name, department_id, semester) VALUES (11, 'Archeology I', 9, 1);
INSERT INTO subject (subject_id, name, department_id, semester, additional_info) VALUES (12, 'Food Packaging', 7, 2, 'do not study!');


-- study_program

INSERT INTO study_program (program_id, name, description) VALUES (1, 'Technical Engineer', '4 years');
INSERT INTO study_program (program_id, name, description) VALUES (2, 'Network Operator', '2 years');
INSERT INTO study_program (program_id, name) VALUES (3, ' Analytical Chemist');
INSERT INTO study_program (program_id, name) VALUES (4, 'Archeologist');
INSERT INTO study_program (program_id, name, description) VALUES (5, 'Graphic Editor', '5 years');


-- department_has_program 

INSERT INTO department_has_program (department_id, program_id) VALUES (1,1);
INSERT INTO department_has_program (department_id, program_id) VALUES (2,2);
INSERT INTO department_has_program (department_id, program_id) VALUES (3,3);
INSERT INTO department_has_program (department_id, program_id) VALUES (4,4);
INSERT INTO department_has_program (department_id, program_id) VALUES (5,5);
INSERT INTO department_has_program (department_id, program_id) VALUES (6,1);
INSERT INTO department_has_program (department_id, program_id) VALUES (7,2);
INSERT INTO department_has_program (department_id, program_id) VALUES (8,3);
INSERT INTO department_has_program (department_id, program_id) VALUES (9,4);
INSERT INTO department_has_program (department_id, program_id) VALUES (10,5);
INSERT INTO department_has_program (department_id, program_id) VALUES (11,1);
INSERT INTO department_has_program (department_id, program_id) VALUES (12,2);


-- faculty_has_department

INSERT INTO faculty_has_department (faculty_id, department_id) VALUES (1, 1);
INSERT INTO faculty_has_department (faculty_id, department_id) VALUES (2, 2);
INSERT INTO faculty_has_department (faculty_id, department_id) VALUES (3, 9);
INSERT INTO faculty_has_department (faculty_id, department_id) VALUES (4, 8);
INSERT INTO faculty_has_department (faculty_id, department_id) VALUES (5, 10);
INSERT INTO faculty_has_department (faculty_id, department_id) VALUES (6, 4);


-- program_has_subject

INSERT INTO program_has_subject (program_id, subject_id) VALUES (1, 1);
INSERT INTO program_has_subject (program_id, subject_id) VALUES (2, 7);
INSERT INTO program_has_subject (program_id, subject_id) VALUES (3, 2);
INSERT INTO program_has_subject (program_id, subject_id) VALUES (4, 11);
INSERT INTO program_has_subject (program_id, subject_id) VALUES (5, 6);


-- program_has_person


INSERT INTO program_has_person (program_id, person_id, role_id) VALUES (1, 25, 5);
INSERT INTO program_has_person (program_id, person_id, role_id) VALUES (2, 26, 5);
INSERT INTO program_has_person (program_id, person_id, role_id) VALUES (3, 27, 5);
INSERT INTO program_has_person (program_id, person_id, role_id) VALUES (4, 28, 5);
INSERT INTO program_has_person (program_id, person_id, role_id) VALUES (5, 29, 5);
INSERT INTO program_has_person (program_id, person_id, role_id) VALUES (5, 30, 2);
INSERT INTO program_has_person (program_id, person_id, role_id) VALUES (1, 31, 2);
INSERT INTO program_has_person (program_id, person_id, role_id) VALUES (2, 32, 2);
INSERT INTO program_has_person (program_id, person_id, role_id) VALUES (3, 33, 2);
INSERT INTO program_has_person (program_id, person_id, role_id) VALUES (4, 34, 2);
INSERT INTO program_has_person (program_id, person_id, role_id) VALUES (5, 35, 2);
INSERT INTO program_has_person (program_id, person_id, role_id) VALUES (1, 36, 2);
INSERT INTO program_has_person (program_id, person_id, role_id) VALUES (2, 37, 2);
INSERT INTO program_has_person (program_id, person_id, role_id) VALUES (3, 38, 2);
INSERT INTO program_has_person (program_id, person_id, role_id) VALUES (4, 39, 2);
INSERT INTO program_has_person (program_id, person_id, role_id) VALUES (5, 40, 2);
INSERT INTO program_has_person (program_id, person_id, role_id) VALUES (1, 41, 2);
INSERT INTO program_has_person (program_id, person_id, role_id) VALUES (2, 42, 2);
INSERT INTO program_has_person (program_id, person_id, role_id) VALUES (3, 43, 2);
INSERT INTO program_has_person (program_id, person_id, role_id) VALUES (4, 44, 2);
INSERT INTO program_has_person (program_id, person_id, role_id) VALUES (5, 45, 2);
INSERT INTO program_has_person (program_id, person_id, role_id) VALUES (1, 46, 6);
INSERT INTO program_has_person (program_id, person_id, role_id) VALUES (2, 47, 6);
INSERT INTO program_has_person (program_id, person_id, role_id) VALUES (3, 48, 6);
INSERT INTO program_has_person (program_id, person_id, role_id) VALUES (4, 49, 6);
INSERT INTO program_has_person (program_id, person_id, role_id) VALUES (5, 50, 6);
INSERT INTO program_has_person (program_id, person_id, role_id) VALUES (1, 51, 6);
INSERT INTO program_has_person (program_id, person_id, role_id) VALUES (2, 52, 6);
INSERT INTO program_has_person (program_id, person_id, role_id) VALUES (3, 53, 6);
INSERT INTO program_has_person (program_id, person_id, role_id) VALUES (4, 54, 6);
INSERT INTO program_has_person (program_id, person_id, role_id) VALUES (5, 55, 6);



-- department_has_person

INSERT INTO department_has_person (department_id, person_id, role_id) VALUES (1, 13, 4);
INSERT INTO department_has_person (department_id, person_id, role_id) VALUES (2, 14, 4);
INSERT INTO department_has_person (department_id, person_id, role_id) VALUES (3, 15, 4);
INSERT INTO department_has_person (department_id, person_id, role_id) VALUES (4, 16, 4);
INSERT INTO department_has_person (department_id, person_id, role_id) VALUES (5, 17, 4);
INSERT INTO department_has_person (department_id, person_id, role_id) VALUES (6, 18, 4);
INSERT INTO department_has_person (department_id, person_id, role_id) VALUES (7, 19, 4);
INSERT INTO department_has_person (department_id, person_id, role_id) VALUES (8, 20, 4);
INSERT INTO department_has_person (department_id, person_id, role_id) VALUES (9, 21, 4);
INSERT INTO department_has_person (department_id, person_id, role_id) VALUES (10, 22, 4);
INSERT INTO department_has_person (department_id, person_id, role_id) VALUES (11, 23, 4);
INSERT INTO department_has_person (department_id, person_id, role_id) VALUES (12, 24, 4);
INSERT INTO department_has_person (department_id, person_id, role_id) VALUES (1, 25, 5);
INSERT INTO department_has_person (department_id, person_id, role_id) VALUES (2, 26, 5);
INSERT INTO department_has_person (department_id, person_id, role_id) VALUES (3, 27, 5);
INSERT INTO department_has_person (department_id, person_id, role_id) VALUES (4, 28, 5);
INSERT INTO department_has_person (department_id, person_id, role_id) VALUES (5, 29, 5);
INSERT INTO department_has_person (department_id, person_id, role_id) VALUES (6, 30, 2);
INSERT INTO department_has_person (department_id, person_id, role_id) VALUES (7, 31, 2);
INSERT INTO department_has_person (department_id, person_id, role_id) VALUES (8, 32, 2);
INSERT INTO department_has_person (department_id, person_id, role_id) VALUES (9, 33, 2);
INSERT INTO department_has_person (department_id, person_id, role_id) VALUES (10, 34, 2);
INSERT INTO department_has_person (department_id, person_id, role_id) VALUES (11, 35, 2);
INSERT INTO department_has_person (department_id, person_id, role_id) VALUES (12, 36, 2);
INSERT INTO department_has_person (department_id, person_id, role_id) VALUES (1, 37, 2);
INSERT INTO department_has_person (department_id, person_id, role_id) VALUES (2, 38, 2);
INSERT INTO department_has_person (department_id, person_id, role_id) VALUES (3, 39, 2);
INSERT INTO department_has_person (department_id, person_id, role_id) VALUES (4, 40, 2);
INSERT INTO department_has_person (department_id, person_id, role_id) VALUES (5, 41, 2);
INSERT INTO department_has_person (department_id, person_id, role_id) VALUES (6, 42, 2);
INSERT INTO department_has_person (department_id, person_id, role_id) VALUES (7, 43, 2);
INSERT INTO department_has_person (department_id, person_id, role_id) VALUES (8, 44, 2);
INSERT INTO department_has_person (department_id, person_id, role_id) VALUES (9, 45, 2);
INSERT INTO department_has_person (department_id, person_id, role_id) VALUES (10, 46, 6);
INSERT INTO department_has_person (department_id, person_id, role_id) VALUES (11, 47, 6);
INSERT INTO department_has_person (department_id, person_id, role_id) VALUES (12, 48, 6);
INSERT INTO department_has_person (department_id, person_id, role_id) VALUES (1, 49, 6);
INSERT INTO department_has_person (department_id, person_id, role_id) VALUES (2, 50, 6);
INSERT INTO department_has_person (department_id, person_id, role_id) VALUES (3, 51, 6);
INSERT INTO department_has_person (department_id, person_id, role_id) VALUES (4, 52, 6);
INSERT INTO department_has_person (department_id, person_id, role_id) VALUES (5, 53, 6);
INSERT INTO department_has_person (department_id, person_id, role_id) VALUES (6, 54, 6);
INSERT INTO department_has_person (department_id, person_id, role_id) VALUES (7, 55, 6);


-- person_has_subject


INSERT INTO person_has_subject (person_id, subject_id, role_id) VALUES (30, 1, 2);
INSERT INTO person_has_subject (person_id, subject_id, role_id) VALUES (31, 2, 2);
INSERT INTO person_has_subject (person_id, subject_id, role_id) VALUES (32, 3, 2);
INSERT INTO person_has_subject (person_id, subject_id, role_id) VALUES (33, 4, 2);
INSERT INTO person_has_subject (person_id, subject_id, role_id) VALUES (34, 5, 2);
INSERT INTO person_has_subject (person_id, subject_id, role_id) VALUES (35, 6, 2);
INSERT INTO person_has_subject (person_id, subject_id, role_id) VALUES (36, 7, 2);
INSERT INTO person_has_subject (person_id, subject_id, role_id) VALUES (37, 8, 2);
INSERT INTO person_has_subject (person_id, subject_id, role_id) VALUES (38, 9, 2);
INSERT INTO person_has_subject (person_id, subject_id, role_id) VALUES (39, 10, 2);
INSERT INTO person_has_subject (person_id, subject_id, role_id) VALUES (40, 11, 2);
INSERT INTO person_has_subject (person_id, subject_id, role_id) VALUES (41, 12, 2);
INSERT INTO person_has_subject (person_id, subject_id, role_id) VALUES (42, 1, 2);
INSERT INTO person_has_subject (person_id, subject_id, role_id) VALUES (43, 2, 2);
INSERT INTO person_has_subject (person_id, subject_id, role_id) VALUES (44, 3, 2);
INSERT INTO person_has_subject (person_id, subject_id, role_id) VALUES (45, 4, 2);
INSERT INTO person_has_subject (person_id, subject_id, role_id) VALUES (46, 5, 6);
INSERT INTO person_has_subject (person_id, subject_id, role_id) VALUES (47, 6, 6);
INSERT INTO person_has_subject (person_id, subject_id, role_id) VALUES (48, 7, 6);
INSERT INTO person_has_subject (person_id, subject_id, role_id) VALUES (49, 8, 6);
INSERT INTO person_has_subject (person_id, subject_id, role_id) VALUES (50, 9, 6);
INSERT INTO person_has_subject (person_id, subject_id, role_id) VALUES (51, 10, 6);
INSERT INTO person_has_subject (person_id, subject_id, role_id) VALUES (52, 11, 6);
INSERT INTO person_has_subject (person_id, subject_id, role_id) VALUES (53, 12, 6);
INSERT INTO person_has_subject (person_id, subject_id, role_id) VALUES (54, 1, 6);
INSERT INTO person_has_subject (person_id, subject_id, role_id) VALUES (55, 2, 6);


-- person_has_address
INSERT INTO person_has_address (person_id, address_id, address_type) VALUES (1, 1, 'home address');
INSERT INTO person_has_address (person_id, address_id, address_type) VALUES (2, 2, 'home address');
INSERT INTO person_has_address (person_id, address_id, address_type) VALUES (3, 3, 'home address');
INSERT INTO person_has_address (person_id, address_id, address_type) VALUES (4, 4, 'home address');
INSERT INTO person_has_address (person_id, address_id, address_type) VALUES (5, 5, 'home address');
INSERT INTO person_has_address (person_id, address_id, address_type) VALUES (6, 6, 'home address');
INSERT INTO person_has_address (person_id, address_id, address_type) VALUES (7, 7, 'home address');
INSERT INTO person_has_address (person_id, address_id, address_type) VALUES (8, 8, 'home address');
INSERT INTO person_has_address (person_id, address_id, address_type) VALUES (9, 9, 'home address');
INSERT INTO person_has_address (person_id, address_id, address_type) VALUES (10, 10, 'home address');
INSERT INTO person_has_address (person_id, address_id, address_type) VALUES (11, 11, 'home address');
INSERT INTO person_has_address (person_id, address_id, address_type) VALUES (12, 12, 'home address');
INSERT INTO person_has_address (person_id, address_id, address_type) VALUES (13, 13, 'home address');
INSERT INTO person_has_address (person_id, address_id, address_type) VALUES (14, 14, 'home address');
INSERT INTO person_has_address (person_id, address_id, address_type) VALUES (15, 15, 'home address');
INSERT INTO person_has_address (person_id, address_id, address_type) VALUES (16, 16, 'home address');
INSERT INTO person_has_address (person_id, address_id, address_type) VALUES (17, 17, 'home address');
INSERT INTO person_has_address (person_id, address_id, address_type) VALUES (18, 18, 'home address');
INSERT INTO person_has_address (person_id, address_id, address_type) VALUES (19, 19, 'home address');
INSERT INTO person_has_address (person_id, address_id, address_type) VALUES (20, 20, 'home address');
INSERT INTO person_has_address (person_id, address_id, address_type) VALUES (21, 21, 'home address');
INSERT INTO person_has_address (person_id, address_id, address_type) VALUES (22, 22, 'home address');
INSERT INTO person_has_address (person_id, address_id, address_type) VALUES (23, 23, 'home address');
INSERT INTO person_has_address (person_id, address_id, address_type) VALUES (24, 24, 'home address');
INSERT INTO person_has_address (person_id, address_id, address_type) VALUES (25, 25, 'home address');
INSERT INTO person_has_address (person_id, address_id, address_type) VALUES (26, 26, 'home address');
INSERT INTO person_has_address (person_id, address_id, address_type) VALUES (27, 27, 'home address');
INSERT INTO person_has_address (person_id, address_id, address_type) VALUES (28, 28, 'home address');
INSERT INTO person_has_address (person_id, address_id, address_type) VALUES (29, 29, 'home address');
INSERT INTO person_has_address (person_id, address_id, address_type) VALUES (30, 30, 'home address');
INSERT INTO person_has_address (person_id, address_id, address_type) VALUES (31, 31, 'home address');
INSERT INTO person_has_address (person_id, address_id, address_type) VALUES (32, 32, 'home address');
INSERT INTO person_has_address (person_id, address_id, address_type) VALUES (33, 33, 'home address');
INSERT INTO person_has_address (person_id, address_id, address_type) VALUES (34, 34, 'home address');
INSERT INTO person_has_address (person_id, address_id, address_type) VALUES (35, 35, 'home address');
INSERT INTO person_has_address (person_id, address_id, address_type) VALUES (36, 36, 'home address');
INSERT INTO person_has_address (person_id, address_id, address_type) VALUES (37, 37, 'home address');
INSERT INTO person_has_address (person_id, address_id, address_type) VALUES (38, 38, 'home address');
INSERT INTO person_has_address (person_id, address_id, address_type) VALUES (39, 39, 'home address');
INSERT INTO person_has_address (person_id, address_id, address_type) VALUES (40, 40, 'home address');
INSERT INTO person_has_address (person_id, address_id, address_type) VALUES (41, 41, 'home address');
INSERT INTO person_has_address (person_id, address_id, address_type) VALUES (42, 42, 'home address');
INSERT INTO person_has_address (person_id, address_id, address_type) VALUES (43, 43, 'home address');
INSERT INTO person_has_address (person_id, address_id, address_type) VALUES (44, 44, 'home address');
INSERT INTO person_has_address (person_id, address_id, address_type) VALUES (45, 45, 'home address');
INSERT INTO person_has_address (person_id, address_id, address_type) VALUES (46, 46, 'home address');
INSERT INTO person_has_address (person_id, address_id, address_type) VALUES (47, 47, 'home address');
INSERT INTO person_has_address (person_id, address_id, address_type) VALUES (48, 48, 'home address');
INSERT INTO person_has_address (person_id, address_id, address_type) VALUES (49, 49, 'home address');
INSERT INTO person_has_address (person_id, address_id, address_type) VALUES (50, 50, 'home address');
INSERT INTO person_has_address (person_id, address_id, address_type) VALUES (51, 51, 'home address');
INSERT INTO person_has_address (person_id, address_id, address_type) VALUES (52, 52, 'home address');
INSERT INTO person_has_address (person_id, address_id, address_type) VALUES (53, 53, 'home address');
INSERT INTO person_has_address (person_id, address_id, address_type) VALUES (54, 54, 'home address');
INSERT INTO person_has_address (person_id, address_id, address_type) VALUES (55, 55, 'home address');
